Period,Change
Pre,0.06333333333333332
Origin,0.19666666666666666
Post,-0.002222222222222212
