Year,Premiers,w_%_prem,w_%_def_prem
2008,Manly Warringah,0.708333333333,0.583333333333
2009,Melbourne,0.604166666667,0.565217391304
2010,St George Illawarra,0.708333333333,0.604166666667
2011,Manly Warringah,0.75,0.666666666667
2012,Melbourne,0.708333333333,0.6875
2013,Sydney,0.75,0.666666666667
2014,South Sydney,0.625,0.541666666667
2015,North Queensland,0.708333333333,0.625
2016,Cronulla,0.729166666667,0.625
