Day,count,mean
Fri,79,34671.303797468354
Mon,6,22724.333333333332
Sat,6,32584.0
Sun,18,32363.61111111111
Thu,11,30185.272727272728
