Period,count,mean
Finals,90,36070.066666666666
Origin,500,14214.19
Post,616,15920.618506493507
Pre,804,17002.5223880597
